-- MySQL dump 10.13  Distrib 8.0.19, for Win64 (x86_64)
--
-- Host: localhost    Database: sfa
-- ------------------------------------------------------
-- Server version	8.0.19

/*!40101 SET @OLD_CHARACTER_SET_CLIENT=@@CHARACTER_SET_CLIENT */;
/*!40101 SET @OLD_CHARACTER_SET_RESULTS=@@CHARACTER_SET_RESULTS */;
/*!40101 SET @OLD_COLLATION_CONNECTION=@@COLLATION_CONNECTION */;
/*!50503 SET NAMES utf8mb4 */;
/*!40103 SET @OLD_TIME_ZONE=@@TIME_ZONE */;
/*!40103 SET TIME_ZONE='+00:00' */;
/*!40014 SET @OLD_UNIQUE_CHECKS=@@UNIQUE_CHECKS, UNIQUE_CHECKS=0 */;
/*!40014 SET @OLD_FOREIGN_KEY_CHECKS=@@FOREIGN_KEY_CHECKS, FOREIGN_KEY_CHECKS=0 */;
/*!40101 SET @OLD_SQL_MODE=@@SQL_MODE, SQL_MODE='NO_AUTO_VALUE_ON_ZERO' */;
/*!40111 SET @OLD_SQL_NOTES=@@SQL_NOTES, SQL_NOTES=0 */;

--
-- Table structure for table `company_tbl`
--

DROP TABLE IF EXISTS `company_tbl`;
/*!40101 SET @saved_cs_client     = @@character_set_client */;
/*!50503 SET character_set_client = utf8mb4 */;
CREATE TABLE `company_tbl` (
  `code` int NOT NULL,
  `name` varchar(30) NOT NULL,
  `addr` varchar(50) NOT NULL,
  `hp` varchar(13) NOT NULL,
  `type` varchar(2) NOT NULL,
  `customer` varchar(10) DEFAULT NULL,
  `insert_person` varchar(10) DEFAULT NULL,
  `regdate` datetime DEFAULT NULL,
  PRIMARY KEY (`code`)
) ENGINE=InnoDB DEFAULT CHARSET=utf8mb4 COLLATE=utf8mb4_0900_ai_ci;
/*!40101 SET character_set_client = @saved_cs_client */;

--
-- Dumping data for table `company_tbl`
--

LOCK TABLES `company_tbl` WRITE;
/*!40000 ALTER TABLE `company_tbl` DISABLE KEYS */;
INSERT INTO `company_tbl` VALUES (1,'(유)프라이그파이스트','부산광역시 강서구 녹산산단27로 19 (송정동)','051-831-6985','제조','김춘애','관리자','2019-09-09 00:00:00'),(2,'(유)피피지코리아','부산광역시 남구 신선로356번길 21 (용당동)','051-624-8221','제조','이강덕','관리자','2019-09-10 00:00:00'),(3,'(재)부산경제진흥원','부산광역시 강서구 녹산산단382로14번길 55 (송정동, 부산광역시 신발산업진흥센타)','051-600-1700','제조','노선순','관리자','2019-09-11 00:00:00'),(4,'(재)부산테크노파크','부산광역시 기장군 일광면 횡계길 7 (해양생물산업육성센터)','051-720-8926','제조','박승완','관리자','2019-09-12 00:00:00'),(5,'일광공업사','부산광역시 사상구 장인로37번길 13-9 (감전동, 태광전기)','051-323-8866','제조','백경만','관리자','2019-09-13 00:00:00'),(6,'(주) 대중미래산업','부산광역시 부산진구 신천대로71번길 57, 1층일부(1108) (범천동)','051-646-0680','제조','여전화','관리자','2019-09-14 00:00:00'),(7,'(주) 라인자동화','부산광역시 강서구 공항로533번가길 54 (대저2동)','051-316-3707','제조','이양석','관리자','2019-09-15 00:00:00'),(8,'(주) 미보기아 2공장','부산광역시 사상구 낙동대로1404번길 69 (삼락동)','051-710-9110','제조','이준상','관리자','2019-09-16 00:00:00'),(9,'(주) 생','부산광역시 강서구 녹산산업중로 285 (송정동)','051-304-3531','제조','위성태','관리자','2019-09-17 00:00:00'),(10,'(주) 송림드리움','부산광역시 연제구 과정로287번길 52 (연산동) (총 2 필지)','051-862-8170','제조','박태정','관리자','2019-09-18 00:00:00'),(11,'(주) 알알코퍼레이션','부산광역시 부산진구 신천대로62번길 38, 8층 (부전동)','1577-5615','제조','김승연','관리자','2019-09-19 00:00:00'),(12,'(주) 엘비나','부산광역시 부산진구 동평로397번길 33,  3층 일부 (양정동)','051-522-5057','제조','송성철','관리자','2019-09-20 00:00:00'),(13,'(주) 엠에스디앤티','부산광역시 부산진구 복지로8번길 18 (개금동)','051-900-6513','제조','양희관','관리자','2019-09-21 00:00:00'),(14,'(주) 예맥통상','부산광역시 사하구 비봉로 56 (신평동)','051-207-9393','제조','김학선','관리자','2019-09-22 00:00:00'),(15,'(주) 우신상사','부산광역시 부산진구 거제대로 86, 1층 (양정동, 셀렉스빌딩)','051-524-8145','제조','정현철','관리자','2019-09-23 00:00:00'),(16,'(주) 제이케이이엔지','부산광역시 강서구 녹산산단262로50번길 7 (송정동)','051-831-7186','제조','강경일','관리자','2019-09-24 00:00:00'),(17,'(주) 젠','부산광역시 강서구 낙동남로511번길 43 (녹산동)','051-442-1235','제조','지점만','관리자','2019-09-25 00:00:00'),(18,'(주) 티아','부산광역시 강서구 화전산단5로84번길 22 (화전동)','051-941-2097','제조','송진홍','관리자','2019-09-26 00:00:00'),(19,'(주) 한솔아이스컴패니','부산광역시 부산진구 동성로49번길 13, 1층 (전포동)','051-907-9235','제조','김재윤','관리자','2019-09-27 00:00:00'),(20,'(주)ABB코리아','부산광역시 금정구 개좌로 274 (회동동)','051-933-0500','제조','손지형','관리자','2019-09-28 00:00:00'),(21,'(주)ALF','부산광역시 사상구 새벽로 37 (학장동, (주)ALF)','051-311-4682','제조','이연주','관리자','2019-09-29 00:00:00'),(22,'(주)BHE','부산광역시 강서구 미음산단5로41번길 21, 해양융복합동(본관동) 302호 (미음동)','051-941-1504','제조','이재현','관리자','2019-09-30 00:00:00'),(23,'(주)BM','부산광역시 영도구 태종로 727,  한국해양대학교 창업보육센터508 (동삼동)','051-406-1310','제조','장부기','관리자','2019-10-01 00:00:00'),(24,'(주)D.P.M','부산광역시 사상구 농산물시장로 18 (엄궁동)','051-301-0031','제조','김영습','관리자','2019-10-02 00:00:00'),(25,'(주)DH전장','부산광역시 금정구 공단동로41번길 10,  보림팩토피아 407호~411호 (금사동)','051-521-1120','제조','마영민','관리자','2019-10-03 00:00:00'),(26,'(주)HN푸드','부산광역시 사하구 하신중앙로27번길 15 (장림동)','051-263-7249','제조','유한나','관리자','2019-10-04 00:00:00'),(27,'(주)IEN한창','부산광역시 기장군 장안읍 반룡리 835-1 번지','051-831-3470','제조','박주웅','관리자','2019-10-05 00:00:00'),(28,'신일테크','부산광역시 사상구 강변대로456번길 38 (엄궁동, 신일테크)','051-324-5039','제조','이선용','관리자','2019-10-06 00:00:00'),(29,'신일화학','부산광역시 강서구 녹산산단261로39번길 2 (송정동)','051-831-4048','도금','김효준','관리자','2019-10-07 00:00:00'),(30,'신정산업사','부산광역시 사하구 다대로300번길 15 (장림동)','051-291-1747','도금','김광곤','관리자','2019-10-08 00:00:00'),(31,'신정애드','부산광역시 부산진구 신천대로 74-1 (부전동)','051-803-0377','도금','김홍곤','관리자','2019-10-09 00:00:00'),(32,'신정테크','부산광역시 영도구 대평로20번길 13 (대평동1가)','051-415-4429','도금','강동현','관리자','2019-10-10 00:00:00'),(33,'신지사','부산광역시 중구 자갈치로 80 (남포동4가)','051-245-1254','도금','이강덕','관리자','2019-10-11 00:00:00'),(34,'신지테크윈 주식회사(S.G.Techwin)','부산광역시 강서구 평강로171번길 30-13 (대저1동)','051-714-2330','도금','손수익','관리자','2019-10-12 00:00:00'),(35,'신지통상','부산광역시 강서구 녹산산단231로 47 (송정동)','051-831-1300','도금','전갑수','관리자','2019-10-13 00:00:00'),(36,'신진DMB','부산광역시 강서구 식만로 41-9 (죽림동)','051-973-2763','제조','박태정','관리자','2019-10-14 00:00:00'),(37,'신진TECH','부산광역시 사상구 낙동대로1348번길 18 (삼락동)','051-305-7450','제조','양선철','관리자','2019-10-15 00:00:00'),(38,'신진금속','부산광역시 강서구 낙동북로126번길 20-1 (강동동)','051-973-2161','제조','김영일','관리자','2019-10-16 00:00:00'),(39,'신진볼트공업사','부산광역시 사하구 하신번영로127번길 26 (신평동)','051-207-7474','제조','김대환','관리자','2019-10-17 00:00:00'),(40,'신진볼트공업사','부산광역시 강서구 화전산단6로66번길 27 (화전동)','051-207-7474','제조','서승길','관리자','2019-10-18 00:00:00'),(41,'신진산업','부산광역시 강서구 낙동북로108번길 35 (강동동)','051-123-4567','제조','홍금자','관리자','2019-10-19 00:00:00'),(42,'신진상사','부산광역시 강서구 식만로 13-44 (죽림동)','051-972-2215','제조','김광남','관리자','2019-10-20 00:00:00'),(43,'신진섬유','부산광역시 사하구 신산로 130 (신평동)','051-205-5605','제조','윤영남','관리자','2019-10-21 00:00:00'),(44,'신진에스엠    ','부산광역시 기장군 장안읍 장안산단1로 12-15','051-727-7311','제조','김교철','관리자','2019-10-22 00:00:00'),(45,'신진유압기계','부산광역시 강서구 경전철로39번길 12 (대저2동)','051-315-0945','제조','김복만','관리자','2019-10-23 00:00:00'),(46,'신진전착','부산광역시 사하구 다산로225번길 38 (장림동)','051-264-2947','제조','곽은희','관리자','2019-10-24 00:00:00'),(47,'신진종합코팅','부산광역시 사상구 낙동대로1420번길 41,  부산인쇄타운 415호 (삼락동)','051-302-9979','제조','허재호','관리자','2019-10-25 00:00:00'),(48,'신진터빈엔지니어링','부산광역시 영도구 대평남로 47,  18-4번지 (대평동2가)','051-414-7174','제조','김범규','관리자','2019-10-26 00:00:00'),(49,'신진포장','부산광역시 강서구 설만신평길 4 (대저2동)','051-317-1518','제조','선옥규','관리자','2019-10-27 00:00:00'),(50,'신진푸드','부산광역시 사하구 다대로605번길 9,  2층 (다대동)','051-264-4412','제조','김상렬','관리자','2019-10-28 00:00:00');
/*!40000 ALTER TABLE `company_tbl` ENABLE KEYS */;
UNLOCK TABLES;

--
-- Table structure for table `dl_tbl`
--

DROP TABLE IF EXISTS `dl_tbl`;
/*!40101 SET @saved_cs_client     = @@character_set_client */;
/*!50503 SET character_set_client = utf8mb4 */;
CREATE TABLE `dl_tbl` (
  `dlnum` int NOT NULL,
  `dldate` date NOT NULL,
  `empid` int NOT NULL,
  `ontime` time NOT NULL,
  `offtime` time NOT NULL,
  `dlcode` varchar(2) NOT NULL,
  `dlnm` varchar(20) NOT NULL,
  `extime` time DEFAULT (_euckr'00:00'),
  `tottime` time NOT NULL,
  PRIMARY KEY (`dlnum`),
  KEY `empid` (`empid`),
  CONSTRAINT `dl_tbl_ibfk_1` FOREIGN KEY (`empid`) REFERENCES `emp_tbl` (`empid`)
) ENGINE=InnoDB DEFAULT CHARSET=utf8mb4 COLLATE=utf8mb4_0900_ai_ci;
/*!40101 SET character_set_client = @saved_cs_client */;

--
-- Dumping data for table `dl_tbl`
--

LOCK TABLES `dl_tbl` WRITE;
/*!40000 ALTER TABLE `dl_tbl` DISABLE KEYS */;
INSERT INTO `dl_tbl` VALUES (1,'2020-09-09',2000,'09:00:00','18:00:00','1','정상출근','00:00:00','08:00:00'),(2,'2020-09-09',2001,'09:00:00','18:00:00','1','정상출근','00:00:00','08:00:00'),(3,'2020-09-09',2002,'09:00:00','18:00:00','1','정상출근','00:00:00','08:00:00'),(4,'2020-09-09',2003,'09:00:00','18:00:00','1','정상출근','00:00:00','08:00:00'),(5,'2020-09-09',2004,'09:00:00','18:00:00','1','정상출근','00:00:00','08:00:00'),(6,'2020-09-09',2005,'09:00:00','18:00:00','1','정상출근','00:00:00','08:00:00'),(7,'2020-09-09',2006,'09:00:00','18:00:00','1','정상출근','00:00:00','08:00:00'),(8,'2020-09-09',2007,'09:00:00','18:00:00','1','정상출근','00:00:00','08:00:00'),(9,'2020-09-09',2008,'09:00:00','18:00:00','1','정상출근','00:00:00','08:00:00'),(10,'2020-09-09',2009,'09:00:00','18:00:00','1','정상출근','00:00:00','08:00:00'),(11,'2020-09-09',2010,'09:00:00','18:00:00','1','정상출근','00:00:00','08:00:00'),(12,'2020-09-09',2011,'09:00:00','18:00:00','1','정상출근','00:00:00','08:00:00'),(13,'2020-09-09',2012,'09:00:00','18:00:00','1','정상출근','00:00:00','08:00:00'),(14,'2020-09-09',2013,'09:00:00','18:00:00','1','정상출근','00:00:00','08:00:00'),(15,'2020-09-09',2014,'09:00:00','18:00:00','1','정상출근','00:00:00','08:00:00'),(16,'2020-09-09',2015,'09:00:00','18:00:00','1','정상출근','00:00:00','08:00:00'),(17,'2020-09-09',2016,'09:00:00','18:00:00','1','정상출근','00:00:00','08:00:00'),(18,'2020-09-09',2017,'09:00:00','18:00:00','1','정상출근','00:00:00','08:00:00'),(19,'2020-09-09',2018,'09:00:00','18:00:00','1','정상출근','00:00:00','08:00:00'),(20,'2020-09-09',2019,'09:00:00','18:00:00','1','정상출근','00:00:00','08:00:00'),(21,'2020-09-09',2020,'09:00:00','18:00:00','1','정상출근','00:00:00','08:00:00'),(22,'2020-09-09',2021,'09:00:00','18:00:00','1','정상출근','00:00:00','08:00:00'),(23,'2020-09-09',2022,'09:00:00','18:00:00','1','정상출근','00:00:00','08:00:00'),(24,'2020-09-09',2023,'09:00:00','18:00:00','1','정상출근','00:00:00','08:00:00'),(25,'2020-09-09',2024,'09:00:00','18:00:00','1','정상출근','00:00:00','08:00:00'),(26,'2020-09-09',2025,'09:00:00','18:00:00','1','정상출근','00:00:00','08:00:00'),(27,'2020-09-09',2026,'09:00:00','18:00:00','1','정상출근','00:00:00','08:00:00'),(28,'2020-09-09',2027,'09:00:00','18:00:00','1','정상출근','00:00:00','08:00:00'),(29,'2020-09-09',2028,'09:00:00','18:00:00','1','정상출근','00:00:00','08:00:00'),(30,'2020-09-09',2029,'09:00:00','18:00:00','1','정상출근','00:00:00','08:00:00'),(31,'2020-09-09',2030,'09:00:00','18:00:00','1','정상출근','00:00:00','08:00:00'),(32,'2020-09-09',2031,'09:00:00','18:00:00','1','정상출근','00:00:00','08:00:00'),(33,'2020-09-09',2032,'09:00:00','18:00:00','1','정상출근','00:00:00','08:00:00'),(34,'2020-09-09',2033,'09:00:00','18:00:00','1','정상출근','00:00:00','08:00:00'),(35,'2020-09-09',2034,'09:00:00','18:00:00','1','정상출근','00:00:00','08:00:00'),(36,'2020-09-09',2035,'09:00:00','18:00:00','1','정상출근','00:00:00','08:00:00'),(37,'2020-09-09',2036,'09:00:00','18:00:00','1','정상출근','00:00:00','08:00:00'),(38,'2020-09-09',2037,'09:00:00','18:00:00','1','정상출근','00:00:00','08:00:00'),(39,'2020-09-09',2038,'09:00:00','18:00:00','1','정상출근','00:00:00','08:00:00'),(40,'2020-09-09',2039,'09:00:00','18:00:00','1','정상출근','00:00:00','08:00:00'),(41,'2020-09-09',2040,'09:00:00','18:00:00','1','정상출근','00:00:00','08:00:00'),(42,'2020-09-09',2041,'09:00:00','18:00:00','1','정상출근','00:00:00','08:00:00'),(43,'2020-09-09',2042,'09:00:00','18:00:00','1','정상출근','00:00:00','08:00:00'),(44,'2020-09-09',2043,'09:00:00','18:00:00','1','정상출근','00:00:00','08:00:00'),(45,'2020-09-09',2044,'09:00:00','18:00:00','1','정상출근','00:00:00','08:00:00'),(46,'2020-09-09',2045,'09:00:00','18:00:00','1','정상출근','00:00:00','08:00:00'),(47,'2020-09-09',2046,'09:00:00','18:00:00','1','정상출근','00:00:00','08:00:00'),(48,'2020-09-09',2047,'09:00:00','18:00:00','1','정상출근','00:00:00','08:00:00'),(49,'2020-09-09',2048,'09:00:00','18:00:00','1','정상출근','00:00:00','08:00:00');
/*!40000 ALTER TABLE `dl_tbl` ENABLE KEYS */;
UNLOCK TABLES;

--
-- Table structure for table `emp_tbl`
--

DROP TABLE IF EXISTS `emp_tbl`;
/*!40101 SET @saved_cs_client     = @@character_set_client */;
/*!50503 SET character_set_client = utf8mb4 */;
CREATE TABLE `emp_tbl` (
  `empid` int NOT NULL,
  `empdept` varchar(5) DEFAULT NULL,
  `empgrade` varchar(6) NOT NULL,
  `empname` varchar(14) NOT NULL,
  `emppwd` varchar(14) NOT NULL,
  `gender` char(2) DEFAULT NULL,
  `empaddr` varchar(50) NOT NULL,
  `emphp` varchar(12) NOT NULL,
  `empemail` varchar(25) DEFAULT NULL,
  PRIMARY KEY (`empid`)
) ENGINE=InnoDB DEFAULT CHARSET=utf8mb4 COLLATE=utf8mb4_0900_ai_ci;
/*!40101 SET character_set_client = @saved_cs_client */;

--
-- Dumping data for table `emp_tbl`
--

LOCK TABLES `emp_tbl` WRITE;
/*!40000 ALTER TABLE `emp_tbl` DISABLE KEYS */;
INSERT INTO `emp_tbl` VALUES (2000,'인사총무부','대표','서민환','2000',NULL,'부산광역시 기장군 정관면 산단1로 66-89 (영진산업)','051-728-6874',NULL),(2001,'인사총무부','이사','김두형','2001',NULL,'부산광역시 기장군 정관면 산단1로 66-89 (영진산업)','051-728-6874',NULL),(2002,'인사총무부','관리자','서정근','2002',NULL,'부산광역시 강서구 녹산산업북로313번길 62 (송정동)','051-831-0059',NULL),(2003,'인사총무부','부장','신영현','2003',NULL,'부산광역시 금정구 삼어로 223 (금사동, 진보금속공업(주))','051-529-0828',NULL),(2004,'인사총무부','차장','이주희','2004',NULL,'부산광역시 사상구 학감대로192번길 69 (학장동)','051-324-8454',NULL),(2005,'인사총무부','처장','김성대','2005',NULL,'부산광역시 사하구 다산로105번길 61 (다대동)','051-262-0101',NULL),(2006,'인사총무부','대리','김선주','2006',NULL,'부산광역시 강서구 범방2로 48 (범방동)','051-262-0102',NULL),(2007,'인사총무부','부장','최유정','2007',NULL,'부산광역시 사상구 학감대로192번길 79 (학장동)','051-631-2565',NULL),(2008,'인사총무부','차장','정숙정','2008',NULL,'부산광역시 기장군 정관면 산단3로 55','051-727-6774',NULL),(2009,'인사총무부','처장','최경민','2009',NULL,'부산광역시 사상구 학감대로252번길 62 (주례동, 태영정밀)','051-322-1254',NULL),(2010,'인사총무부','과장','이승영','2010',NULL,'부산광역시 중구 복병산길6번길 15-1 (대청동1가)','051-468-4421',NULL),(2011,'인사총무부','과장','이창민','2011',NULL,'부산광역시 사상구 새벽시장로 92-10 (감전동)','051-328-1477',NULL),(2012,'인사총무부','과장','김태임','2012',NULL,'부산광역시 강서구 녹산산단261로87번길 19 (송정동)','051-865-3150',NULL),(2013,'인사총무부','대리','권예슬','2013',NULL,'부산광역시 기장군 기장읍 차성로436번길 8,  대영상가 B 201','051-723-1151',NULL),(2014,'인사총무부','대리','김희태','2014',NULL,'부산광역시 강서구 녹산산단261로 78 (송정동)','051-831-2651',NULL),(2015,'인사총무부','사원','이소정','2015',NULL,'부산광역시 강서구 대저중앙로348번길 15-2 (대저1동)','051-303-8708',NULL),(2016,'인사총무부','사원','노문환','2016',NULL,'부산광역시 사하구 구평로 19-1 (구평동)','051-413-5316',NULL),(2017,'인사총무부','사원','김순희','2017',NULL,'부산광역시 영도구 해양로176번길 14 (청학동)','051-413-5317',NULL),(2018,'인사총무부','사원','안경진','2018',NULL,'부산광역시 기장군 정관읍 산단4로 8-27 (우창화학(주))','051-728-7136',NULL),(2019,'영업부','부장','김학기','2019',NULL,'부산광역시 강서구 녹산산단261로59번길 20 (송정동)','051-337-8841',NULL),(2020,'영업부','차장','남현수','2020',NULL,'부산광역시 강서구 녹산산단382로60번길 32 (송정동)','051-831-4984',NULL),(2021,'영업부','처장','권세남','2021',NULL,'부산광역시 강서구 대저중앙로 360-1 (대저1동)','051-831-4985',NULL),(2022,'영업부','대리','손우락','2022',NULL,'부산광역시 사상구 학장로135번길 85 (학장동)','051-313-3341',NULL),(2023,'영업부','부장','윤준영','2023',NULL,'부산광역시 강서구 가달1로 53 (생곡동)','051-831-9135',NULL),(2024,'영업부','차장','김희연','2024',NULL,'부산광역시 사상구 사상로478번길 22 (모라동)','051-304-5504',NULL),(2025,'영업부','처장','이윤혜','2025',NULL,'부산광역시 사상구 낙동대로1348번길 55 (삼락동)','051-304-3360',NULL),(2026,'영업부','과장','송하권','2026',NULL,'부산광역시 기장군 정관읍 산단5로 76-45','051-304-3361',NULL),(2027,'영업부','과장','김계옥','2027',NULL,'부산광역시 사상구 가야대로 7 (감전동, 정선엔지니어링)','051-325-3035',NULL),(2028,'영업부','과장','김봉환','2028',NULL,'부산광역시 강서구 녹산산업중로 36 (송정동)','051-831-2144',NULL),(2029,'영업부','대리','김서현','2029',NULL,'부산광역시 부산진구 성지로137번길 92, 지하1층 (초읍동)','051-816-2379',NULL),(2030,'영업부','대리','신은혜','2030',NULL,'부산광역시 사하구 장림번영로103번길 25 (장림동)','051-263-2279',NULL),(2031,'영업부','사원','손승윤','2031',NULL,'부산광역시 강서구 가달1로 77 (생곡동)','051-263-2280',NULL),(2032,'영업부','사원','임종걸','2032',NULL,'부산광역시 강서구 대저중앙로348번길 24-8 (대저1동)','051-263-2281',NULL),(2033,'영업부','사원','차승연','2033',NULL,'부산광역시 영도구 해양로 33-10 (청학동)','051-416-4998',NULL),(2034,'영업부','사원','이황우','2034',NULL,'부산광역시 영도구 남항남로31번길 12 (남항동3가)','051-466-2652',NULL),(2035,'영업부','차장','김광홍','2035',NULL,'부산광역시 사상구 가야대로11번길 7-7 (감전동)','051-326-2272',NULL),(2036,'영업부','처장','김영린','2036',NULL,'부산광역시 사상구 학감대로222번길 34 (감전동)','051-328-7361',NULL),(2037,'영업부','과장','김주영','2037',NULL,'부산광역시 강서구 대저중앙로 314-4 (대저1동)','051-305-5141',NULL),(2038,'영업부','과장','이명규','2038',NULL,'부산광역시 강서구 낙동북로125번길 92-1 (강동동)','051-328-5336',NULL),(2039,'영업부','과장','이정덕','2039',NULL,'부산광역시 사상구 낙동대로1412번길 80 (삼락동)','051-303-7712',NULL),(2040,'영업부','대리','하동구','2040',NULL,'부산광역시 사상구 모덕로 48, 2층 (삼락동)','051-303-3393',NULL),(2041,'영업부','대리','신상원','2041',NULL,'부산광역시 사하구 장림번영로84번길 34 (장림동)','051-261-7183',NULL),(2042,'영업부','사원','박윤용','2042',NULL,'부산광역시 강서구 가리새1로25번길 24 (생곡동)','051-941-3561',NULL),(2043,'영업부','사원','유신','2043',NULL,'부산광역시 강서구 녹산산단261로74번길 20 (송정동)','051-941-3561',NULL),(2044,'영업부','사원','백봉욱','2044',NULL,'부산광역시 사하구 하신중앙로27번길 17, 에이스밀 3층 301 (장림동)','051-264-2092',NULL),(2045,'영업부','사원','김영휘','2045',NULL,'부산광역시 사하구 장평로83번길 28 (장림동)','051-266-0607',NULL),(2046,'영업부','대리','김은실','2046',NULL,'부산광역시 강서구 생곡산단2로11번길 38 (생곡동)','051-324-1298',NULL),(2047,'영업부','대리','정진영','2047',NULL,'부산광역시 강서구 신호산단3로88번길 54 (신호동)','051-941-5342',NULL),(2048,'영업부','사원','권영창','2048',NULL,'부산광역시 영도구 해양로123번길 23 (청학동)','051-941-5343',NULL);
/*!40000 ALTER TABLE `emp_tbl` ENABLE KEYS */;
UNLOCK TABLES;

--
-- Table structure for table `hu_tbl`
--

DROP TABLE IF EXISTS `hu_tbl`;
/*!40101 SET @saved_cs_client     = @@character_set_client */;
/*!50503 SET character_set_client = utf8mb4 */;
CREATE TABLE `hu_tbl` (
  `hunum` int NOT NULL,
  `empid` int NOT NULL,
  `hiredate` date NOT NULL,
  `endday` date DEFAULT NULL,
  `salary` int DEFAULT NULL,
  PRIMARY KEY (`hunum`),
  KEY `empid` (`empid`),
  CONSTRAINT `hu_tbl_ibfk_1` FOREIGN KEY (`empid`) REFERENCES `emp_tbl` (`empid`)
) ENGINE=InnoDB DEFAULT CHARSET=utf8mb4 COLLATE=utf8mb4_0900_ai_ci;
/*!40101 SET character_set_client = @saved_cs_client */;

--
-- Dumping data for table `hu_tbl`
--

LOCK TABLES `hu_tbl` WRITE;
/*!40000 ALTER TABLE `hu_tbl` DISABLE KEYS */;
INSERT INTO `hu_tbl` VALUES (1,2000,'2010-03-02',NULL,4500000),(2,2001,'2010-03-02',NULL,4500000),(3,2002,'2010-03-02',NULL,4500000),(4,2003,'2010-03-02',NULL,4500000),(5,2004,'2010-03-02',NULL,4000000),(6,2005,'2010-03-02',NULL,4000000),(7,2006,'2011-04-06',NULL,3300000),(8,2007,'2011-04-06',NULL,3300000),(9,2008,'2011-04-06',NULL,3300000),(10,2009,'2011-04-06',NULL,3300000),(11,2010,'2011-09-06',NULL,3300000),(12,2011,'2011-09-06',NULL,3300000),(13,2012,'2011-09-06',NULL,3300000),(14,2013,'2011-09-06',NULL,3300000),(15,2014,'2015-02-04',NULL,3300000),(16,2015,'2015-02-04',NULL,3300000),(17,2016,'2020-03-04',NULL,3300000),(18,2017,'2020-03-04',NULL,3500000),(19,2018,'2020-03-04',NULL,3500000),(20,2019,'1990-03-02',NULL,3500000),(21,2020,'1990-03-02',NULL,3500000),(22,2021,'1990-03-02',NULL,3500000),(23,2022,'2015-02-04',NULL,3500000),(24,2023,'2015-02-04',NULL,3500000),(25,2024,'2015-02-04',NULL,3500000),(26,2025,'2015-02-04',NULL,3500000),(27,2026,'2017-09-30',NULL,3500000),(28,2027,'2017-09-30',NULL,3500000),(29,2028,'2017-09-30',NULL,3000000),(30,2029,'2017-09-30',NULL,3000000),(31,2030,'2017-09-30',NULL,3000000),(32,2031,'2017-09-30',NULL,3000000),(33,2032,'2017-09-30',NULL,3000000),(34,2033,'2017-09-30',NULL,3000000),(35,2034,'2017-09-30',NULL,3000000),(36,2035,'2018-09-30',NULL,3000000),(37,2036,'2018-09-30',NULL,3000000),(38,2037,'2018-09-30',NULL,2300000),(39,2038,'2018-09-30',NULL,2300000),(40,2039,'2018-09-30',NULL,2300000),(41,2040,'2018-09-30',NULL,2300000),(42,2041,'2018-09-30',NULL,2300000),(43,2042,'2020-09-30',NULL,2300000),(44,2043,'2020-09-30',NULL,2300000),(45,2044,'2020-09-30',NULL,2300000),(46,2045,'2020-09-30',NULL,2300000),(47,2046,'2020-09-30',NULL,2300000),(48,2047,'2020-09-30',NULL,2300000),(49,2048,'2020-09-30',NULL,2300000);
/*!40000 ALTER TABLE `hu_tbl` ENABLE KEYS */;
UNLOCK TABLES;

--
-- Table structure for table `item_tbl`
--

DROP TABLE IF EXISTS `item_tbl`;
/*!40101 SET @saved_cs_client     = @@character_set_client */;
/*!50503 SET character_set_client = utf8mb4 */;
CREATE TABLE `item_tbl` (
  `itemcd` varchar(10) NOT NULL,
  `itemnm` varchar(50) NOT NULL,
  `type` varchar(20) NOT NULL,
  `price` int NOT NULL,
  `insert_person` varchar(10) DEFAULT NULL,
  `regdate` datetime DEFAULT NULL,
  PRIMARY KEY (`itemcd`)
) ENGINE=InnoDB DEFAULT CHARSET=utf8mb4 COLLATE=utf8mb4_0900_ai_ci;
/*!40101 SET character_set_client = @saved_cs_client */;

--
-- Dumping data for table `item_tbl`
--

LOCK TABLES `item_tbl` WRITE;
/*!40000 ALTER TABLE `item_tbl` DISABLE KEYS */;
INSERT INTO `item_tbl` VALUES ('11000','송풍기(K343)','섬유제품',242890,'영업담당자',NULL),('11001','송풍기(K241)','화학물질 및 화학제품',14596,'영업담당자',NULL),('11002','30mm차륜형대공포용 고저각베어링','고무 및 플라스틱제품',13161,'영업담당자',NULL),('11003','전원공급기','비금속 광물제품',20842,'영업담당자',NULL),('11004','1대역 스파이럴안테나','1차 금속제품',703,'영업담당자',NULL),('11005','전방향안테나','금속가공제품',7746,'영업담당자',NULL),('11006','고무 완충기','일반기계부품',13053,'영업담당자',NULL),('11007','수위감지기','전기장비부품',26181,'영업담당자',NULL),('11008','수위감지기','전자부품',40019,'영업담당자',NULL),('11009','오일감지기','정밀기기부품',65090,'영업담당자',NULL),('11010','붐리미트스위치','수송기계부품',38773,'영업담당자',NULL),('11011','스위치, 감응식','섬유제품',2726,'영업담당자',NULL),('11012','주입기','화학물질 및 화학제품',1133724,'영업담당자',NULL),('11013','관성항법장치','고무 및 플라스틱제품',58778,'영업담당자',NULL),('11014','벨브, 안전용','비금속 광물제품',83934,'영업담당자',NULL),('11015','벨브, 솔레노이드용','1차 금속제품',51491,'영업담당자',NULL),('11016','하네스조립체','금속가공제품',3189,'영업담당자',NULL),('11017','배기밸브','일반기계부품',370181,'영업담당자',NULL),('11018','캠축 (좌)','전기장비부품',146472,'영업담당자',NULL),('11019','캠축 (우)','전자부품',185901,'영업담당자',NULL),('11020','디스플레이 유닛','정밀기기부품',104773,'영업담당자',NULL),('11021','GASKET,VOR/ILS ANTENNA','수송기계부품',19996,'영업담당자',NULL),('11022','CABLE HARNESS, VOR/ILS RECEIVER','섬유제품',3922,'영업담당자',NULL),('11023','DIPLEXER,VOR/ILS RECEIVER','화학물질 및 화학제품',105087,'영업담당자',NULL),('11024','ANTENNA, MARKER BEACON(Gasket포함)','고무 및 플라스틱제품',872489,'영업담당자',NULL),('11025','RIGHT ANTENNA, VOR/ILS RECEIVER','비금속 광물제품',144330,'영업담당자',NULL),('11026','LEFT ANTENNA, VOR/ILS RECEIVER','1차 금속제품',63769,'영업담당자',NULL),('11027','편대등 제어기(1개)','금속가공제품',38018,'영업담당자',NULL),('11028','편대등(4개)','일반기계부품',2448,'영업담당자',NULL),('11029','충돌방지등(2개)','전기장비부품',78104,'영업담당자',NULL),('11030','위치등 제어기 1개)','전자부품',165847,'영업담당자',NULL),('11031','위치등(후방 1개)','정밀기기부품',102752,'영업담당자',NULL),('11032','위치등(우측 1개)','수송기계부품',43091,'영업담당자',NULL),('11033','위치등(좌측 1개)','섬유제품',42780,'영업담당자',NULL),('11034','조종실 다용도등(2개)','화학물질 및 화학제품',11243,'영업담당자',NULL),('11035','조종실 일반등','고무 및 플라스틱제품',180107,'영업담당자',NULL),('11036','프로펠러,항공기용','비금속 광물제품',1115217,'영업담당자',NULL),('11037','위상변환기','1차 금속제품',4993,'영업담당자',NULL),('11038','하모닉 필터','금속가공제품',67921,'영업담당자',NULL),('11039','주파수 필터','일반기계부품',61684,'영업담당자',NULL),('11040','커플러','전기장비부품',6832,'영업담당자',NULL),('11041','심','전자부품',229008,'영업담당자',NULL),('11042','도파관 고정대','정밀기기부품',95126,'영업담당자',NULL),('11043','레이돔','수송기계부품',159423,'영업담당자',NULL),('11044','도파관 엘보우','섬유제품',89957,'영업담당자',NULL),('11045','시험용 커플러','화학물질 및 화학제품',168550,'영업담당자',NULL),('11046','링조립체,포탑용','고무 및 플라스틱제품',32375,'영업담당자',NULL),('11047','수신 증폭부','비금속 광물제품',199348,'영업담당자',NULL);
/*!40000 ALTER TABLE `item_tbl` ENABLE KEYS */;
UNLOCK TABLES;

--
-- Table structure for table `notice_tbl`
--

DROP TABLE IF EXISTS `notice_tbl`;
/*!40101 SET @saved_cs_client     = @@character_set_client */;
/*!50503 SET character_set_client = utf8mb4 */;
CREATE TABLE `notice_tbl` (
  `datnum` varchar(20) NOT NULL,
  `category` varchar(10) NOT NULL,
  `title` varchar(100) NOT NULL,
  `contents` text,
  `person` varchar(10) NOT NULL,
  `attdatnum` varchar(30) DEFAULT (_euckr''),
  `insert_person` varchar(10) DEFAULT NULL,
  `regdate` datetime DEFAULT NULL,
  PRIMARY KEY (`datnum`)
) ENGINE=InnoDB DEFAULT CHARSET=utf8mb4 COLLATE=utf8mb4_0900_ai_ci;
/*!40101 SET character_set_client = @saved_cs_client */;

--
-- Dumping data for table `notice_tbl`
--

LOCK TABLES `notice_tbl` WRITE;
/*!40000 ALTER TABLE `notice_tbl` DISABLE KEYS */;
INSERT INTO `notice_tbl` VALUES ('1','공지','SFA 게시판 테스트입니다','내용 테스트','관리자','','공지관리자',NULL),('2','공지','SFA 공지테스트','내용 테스트 중입니다.','관리자','','공지관리자',NULL);
/*!40000 ALTER TABLE `notice_tbl` ENABLE KEYS */;
UNLOCK TABLES;

--
-- Table structure for table `order_tbl`
--

DROP TABLE IF EXISTS `order_tbl`;
/*!40101 SET @saved_cs_client     = @@character_set_client */;
/*!50503 SET character_set_client = utf8mb4 */;
CREATE TABLE `order_tbl` (
  `ordnum` varchar(10) NOT NULL,
  `orddate` varchar(8) NOT NULL,
  `ordperson` varchar(10) NOT NULL,
  `itemcd` varchar(10) NOT NULL,
  `comcd` int NOT NULL,
  `qty` int NOT NULL,
  `price` int NOT NULL,
  `remark` varchar(100) DEFAULT NULL,
  `insert_person` varchar(10) DEFAULT NULL,
  `regdate` datetime DEFAULT NULL,
  PRIMARY KEY (`ordnum`),
  KEY `itemcd` (`itemcd`),
  CONSTRAINT `order_tbl_ibfk_1` FOREIGN KEY (`itemcd`) REFERENCES `item_tbl` (`itemcd`)
) ENGINE=InnoDB DEFAULT CHARSET=utf8mb4 COLLATE=utf8mb4_0900_ai_ci;
/*!40101 SET character_set_client = @saved_cs_client */;

--
-- Dumping data for table `order_tbl`
--

LOCK TABLES `order_tbl` WRITE;
/*!40000 ALTER TABLE `order_tbl` DISABLE KEYS */;
INSERT INTO `order_tbl` VALUES ('1001','20200105','관리자','11000',1,50,242890,NULL,'수주담당자',NULL),('1002','20200106','관리자','11001',2,51,14596,NULL,'수주담당자',NULL),('1003','20200107','관리자','11002',3,52,13161,NULL,'수주담당자',NULL),('1004','20200108','관리자','11003',4,53,20842,NULL,'수주담당자',NULL),('1005','20200109','관리자','11004',5,54,703,NULL,'수주담당자',NULL),('1006','20200110','관리자','11005',6,55,7746,NULL,'수주담당자',NULL),('1007','20200111','관리자','11006',7,56,13053,NULL,'수주담당자',NULL),('1008','20200112','관리자','11007',8,57,26181,NULL,'수주담당자',NULL),('1009','20200113','관리자','11008',9,58,40019,NULL,'수주담당자',NULL),('1010','20200114','관리자','11009',10,59,65090,NULL,'수주담당자',NULL),('1011','20200115','관리자','11010',11,60,38773,NULL,'수주담당자',NULL),('1012','20200116','관리자','11011',12,61,2726,NULL,'수주담당자',NULL),('1013','20200117','관리자','11012',13,62,1133724,NULL,'수주담당자',NULL),('1014','20200118','관리자','11013',14,63,58778,NULL,'수주담당자',NULL),('1015','20200119','관리자','11014',15,64,83934,NULL,'수주담당자',NULL),('1016','20200120','관리자','11015',16,65,51491,NULL,'수주담당자',NULL),('1017','20200121','관리자','11016',17,66,3189,NULL,'수주담당자',NULL),('1018','20200122','관리자','11017',18,67,370181,NULL,'수주담당자',NULL),('1019','20200123','관리자','11018',19,68,146472,NULL,'수주담당자',NULL),('1020','20200124','관리자','11019',20,69,185901,NULL,'수주담당자',NULL),('1021','20200125','관리자','11020',21,70,104773,NULL,'수주담당자',NULL),('1022','20200126','관리자','11021',22,71,19996,NULL,'수주담당자',NULL),('1023','20200127','관리자','11022',23,72,3922,NULL,'수주담당자',NULL),('1024','20200128','관리자','11023',24,73,105087,NULL,'수주담당자',NULL),('1025','20200129','관리자','11024',25,74,872489,NULL,'수주담당자',NULL),('1026','20200130','관리자','11025',26,75,144330,NULL,'수주담당자',NULL),('1027','20200131','관리자','11026',27,76,63769,NULL,'수주담당자',NULL),('1028','20200105','관리자','11027',28,77,38018,NULL,'수주담당자',NULL),('1029','20200106','관리자','11028',29,78,2448,NULL,'수주담당자',NULL),('1030','20200107','관리자','11029',30,79,78104,NULL,'수주담당자',NULL),('1031','20200108','관리자','11030',31,80,165847,NULL,'수주담당자',NULL),('1032','20200109','관리자','11031',32,81,102752,NULL,'수주담당자',NULL),('1033','20200110','관리자','11032',33,82,43091,NULL,'수주담당자',NULL),('1034','20200111','관리자','11033',34,83,42780,NULL,'수주담당자',NULL),('1035','20200112','관리자','11034',35,84,11243,NULL,'수주담당자',NULL),('1036','20200113','관리자','11035',36,85,180107,NULL,'수주담당자',NULL),('1037','20200114','관리자','11036',37,86,1115217,NULL,'수주담당자',NULL),('1038','20200115','관리자','11037',38,87,4993,NULL,'수주담당자',NULL),('1039','20200116','관리자','11038',39,88,67921,NULL,'수주담당자',NULL),('1040','20200117','관리자','11039',40,89,61684,NULL,'수주담당자',NULL),('1041','20200118','관리자','11040',41,90,6832,NULL,'수주담당자',NULL),('1042','20200119','관리자','11041',42,91,229008,NULL,'수주담당자',NULL),('1043','20200120','관리자','11042',43,92,95126,NULL,'수주담당자',NULL),('1044','20200121','관리자','11043',44,93,159423,NULL,'수주담당자',NULL),('1045','20200122','관리자','11044',45,94,89957,NULL,'수주담당자',NULL),('1046','20200123','관리자','11045',46,95,168550,NULL,'수주담당자',NULL),('1047','20200124','관리자','11046',47,96,32375,NULL,'수주담당자',NULL),('1048','20200125','관리자','11047',48,97,199348,NULL,'수주담당자',NULL);
/*!40000 ALTER TABLE `order_tbl` ENABLE KEYS */;
UNLOCK TABLES;

--
-- Table structure for table `sale_tbl`
--

DROP TABLE IF EXISTS `sale_tbl`;
/*!40101 SET @saved_cs_client     = @@character_set_client */;
/*!50503 SET character_set_client = utf8mb4 */;
CREATE TABLE `sale_tbl` (
  `salenum` varchar(10) NOT NULL,
  `saledate` varchar(8) NOT NULL,
  `saleperson` varchar(10) NOT NULL,
  `ordnum` varchar(10) NOT NULL,
  `itemcd` varchar(10) NOT NULL,
  `comcd` varchar(45) NOT NULL,
  `qty` int NOT NULL,
  `price` int NOT NULL,
  `remark` varchar(100) DEFAULT NULL,
  `insert_person` varchar(10) DEFAULT NULL,
  `regdate` datetime DEFAULT NULL,
  PRIMARY KEY (`salenum`),
  KEY `ordnum` (`ordnum`),
  CONSTRAINT `sale_tbl_ibfk_1` FOREIGN KEY (`ordnum`) REFERENCES `order_tbl` (`ordnum`)
) ENGINE=InnoDB DEFAULT CHARSET=utf8mb4 COLLATE=utf8mb4_0900_ai_ci;
/*!40101 SET character_set_client = @saved_cs_client */;

--
-- Dumping data for table `sale_tbl`
--

LOCK TABLES `sale_tbl` WRITE;
/*!40000 ALTER TABLE `sale_tbl` DISABLE KEYS */;
INSERT INTO `sale_tbl` VALUES ('1001-0105','20200105','관리자','1001','11000','1',50,242890,NULL,'판매담당자',NULL),('1001-0106','20200106','관리자','1002','11001','2',51,14596,NULL,'판매담당자',NULL),('1002-0107','20200107','관리자','1003','11002','3',52,13161,NULL,'판매담당자',NULL),('1003-0108','20200108','관리자','1004','11003','4',53,20842,NULL,'판매담당자',NULL),('1004-0109','20200109','관리자','1005','11004','5',54,703,NULL,'판매담당자',NULL),('1005-0110','20200110','관리자','1006','11005','6',55,7746,NULL,'판매담당자',NULL),('1006-0111','20200111','관리자','1007','11006','7',56,13053,NULL,'판매담당자',NULL),('1007-0112','20200112','관리자','1008','11007','8',57,26181,NULL,'판매담당자',NULL),('1008-0113','20200113','관리자','1009','11008','9',58,40019,NULL,'판매담당자',NULL),('1009-0114','20200114','관리자','1010','11009','10',59,65090,NULL,'판매담당자',NULL),('1010-0115','20200115','관리자','1011','11010','11',60,38773,NULL,'판매담당자',NULL),('1011-0116','20200116','관리자','1012','11011','12',61,2726,NULL,'판매담당자',NULL),('1012-0117','20200117','관리자','1013','11012','13',62,1133724,NULL,'판매담당자',NULL),('1013-0118','20200118','관리자','1014','11013','14',63,58778,NULL,'판매담당자',NULL),('1014-0119','20200119','관리자','1015','11014','15',64,83934,NULL,'판매담당자',NULL),('1015-0120','20200120','관리자','1016','11015','16',65,51491,NULL,'판매담당자',NULL),('1016-0121','20200121','관리자','1017','11016','17',66,3189,NULL,'판매담당자',NULL),('1017-0122','20200122','관리자','1018','11017','18',67,370181,NULL,'판매담당자',NULL),('1018-0123','20200123','관리자','1019','11018','19',68,146472,NULL,'판매담당자',NULL),('1019-0124','20200124','관리자','1020','11019','20',69,185901,NULL,'판매담당자',NULL),('1020-0125','20200125','관리자','1021','11020','21',70,104773,NULL,'판매담당자',NULL),('1021-0126','20200126','관리자','1022','11021','22',71,19996,NULL,'판매담당자',NULL),('1022-0127','20200127','관리자','1023','11022','23',72,3922,NULL,'판매담당자',NULL),('1023-0128','20200128','관리자','1024','11023','24',73,105087,NULL,'판매담당자',NULL),('1024-0129','20200129','관리자','1025','11024','25',74,872489,NULL,'판매담당자',NULL),('1025-0130','20200130','관리자','1026','11025','26',75,144330,NULL,'판매담당자',NULL),('1026-0131','20200131','관리자','1027','11026','27',76,63769,NULL,'판매담당자',NULL),('1027-0105','20200105','관리자','1028','11027','28',77,38018,NULL,'판매담당자',NULL),('1028-0106','20200106','관리자','1029','11028','29',78,2448,NULL,'판매담당자',NULL),('1029-0107','20200107','관리자','1030','11029','30',79,78104,NULL,'판매담당자',NULL),('1030-0108','20200108','관리자','1031','11030','31',80,165847,NULL,'판매담당자',NULL),('1031-0109','20200109','관리자','1032','11031','32',81,102752,NULL,'판매담당자',NULL),('1032-0110','20200110','관리자','1033','11032','33',82,43091,NULL,'판매담당자',NULL),('1033-0111','20200111','관리자','1034','11033','34',83,42780,NULL,'판매담당자',NULL),('1034-0112','20200112','관리자','1035','11034','35',84,11243,NULL,'판매담당자',NULL),('1035-0113','20200113','관리자','1036','11035','36',85,180107,NULL,'판매담당자',NULL),('1036-0114','20200114','관리자','1037','11036','37',86,1115217,NULL,'판매담당자',NULL),('1037-0115','20200115','관리자','1038','11037','38',87,4993,NULL,'판매담당자',NULL),('1038-0116','20200116','관리자','1039','11038','39',88,67921,NULL,'판매담당자',NULL),('1039-0117','20200117','관리자','1040','11039','40',89,61684,NULL,'판매담당자',NULL),('1040-0118','20200118','관리자','1041','11040','41',90,6832,NULL,'판매담당자',NULL),('1041-0119','20200119','관리자','1042','11041','42',91,229008,NULL,'판매담당자',NULL),('1042-0120','20200120','관리자','1043','11042','43',92,95126,NULL,'판매담당자',NULL),('1043-0121','20200121','관리자','1044','11043','44',93,159423,NULL,'판매담당자',NULL),('1044-0122','20200122','관리자','1045','11044','45',94,89957,NULL,'판매담당자',NULL),('1045-0123','20200123','관리자','1046','11045','46',95,168550,NULL,'판매담당자',NULL),('1046-0124','20200124','관리자','1047','11046','47',96,32375,NULL,'판매담당자',NULL),('1047-0125','20200125','관리자','1048','11047','48',97,199348,NULL,'판매담당자',NULL);
/*!40000 ALTER TABLE `sale_tbl` ENABLE KEYS */;
UNLOCK TABLES;

--
-- Table structure for table `stock_tbl`
--

DROP TABLE IF EXISTS `stock_tbl`;
/*!40101 SET @saved_cs_client     = @@character_set_client */;
/*!50503 SET character_set_client = utf8mb4 */;
CREATE TABLE `stock_tbl` (
  `stocknum` varchar(12) NOT NULL,
  `itemcd` varchar(50) NOT NULL,
  `qty` int NOT NULL,
  `indt` varchar(10) DEFAULT NULL,
  `insert_person` varchar(10) DEFAULT NULL,
  `regdate` datetime DEFAULT NULL,
  PRIMARY KEY (`stocknum`),
  KEY `itemcd` (`itemcd`),
  CONSTRAINT `stock_tbl_ibfk_1` FOREIGN KEY (`itemcd`) REFERENCES `item_tbl` (`itemcd`)
) ENGINE=InnoDB DEFAULT CHARSET=utf8mb4 COLLATE=utf8mb4_0900_ai_ci;
/*!40101 SET character_set_client = @saved_cs_client */;

--
-- Dumping data for table `stock_tbl`
--

LOCK TABLES `stock_tbl` WRITE;
/*!40000 ALTER TABLE `stock_tbl` DISABLE KEYS */;
INSERT INTO `stock_tbl` VALUES ('11000-0105','11000',50,'20200105','재고담당자','2020-01-05 00:00:00'),('11001-0106','11001',51,'20200106','재고담당자','2020-01-06 00:00:00'),('11002-0107','11002',52,'20200107','재고담당자','2020-01-07 00:00:00'),('11003-0108','11003',53,'20200108','재고담당자','2020-01-08 00:00:00'),('11004-0109','11004',54,'20200109','재고담당자','2020-01-09 00:00:00'),('11005-0110','11005',55,'20200110','재고담당자','2020-01-10 00:00:00'),('11006-0111','11006',56,'20200111','재고담당자','2020-01-11 00:00:00'),('11007-0112','11007',57,'20200112','재고담당자','2020-01-12 00:00:00'),('11008-0113','11008',58,'20200113','재고담당자','2020-01-13 00:00:00'),('11009-0114','11009',59,'20200114','재고담당자','2020-01-14 00:00:00'),('11010-0115','11010',60,'20200115','재고담당자','2020-01-15 00:00:00'),('11011-0116','11011',61,'20200116','재고담당자','2020-01-16 00:00:00'),('11012-0117','11012',62,'20200117','재고담당자','2020-01-17 00:00:00'),('11013-0118','11013',63,'20200118','재고담당자','2020-01-18 00:00:00'),('11014-0119','11014',64,'20200119','재고담당자','2020-01-19 00:00:00'),('11015-0120','11015',65,'20200120','재고담당자','2020-01-20 00:00:00'),('11016-0121','11016',66,'20200121','재고담당자','2020-01-21 00:00:00'),('11017-0122','11017',67,'20200122','재고담당자','2020-01-22 00:00:00'),('11018-0123','11018',68,'20200123','재고담당자','2020-01-23 00:00:00'),('11019-0124','11019',69,'20200124','재고담당자','2020-01-24 00:00:00'),('11020-0125','11020',70,'20200125','재고담당자','2020-01-25 00:00:00'),('11021-0126','11021',71,'20200126','재고담당자','2020-01-26 00:00:00'),('11022-0127','11022',72,'20200127','재고담당자','2020-01-27 00:00:00'),('11023-0128','11023',73,'20200128','재고담당자','2020-01-28 00:00:00'),('11024-0129','11024',74,'20200129','재고담당자','2020-01-29 00:00:00'),('11025-0130','11025',75,'20200130','재고담당자','2020-01-30 00:00:00'),('11026-0131','11026',76,'20200131','재고담당자','2020-01-31 00:00:00'),('11027-0105','11027',77,'20200105','재고담당자','2020-02-01 00:00:00'),('11028-0106','11028',78,'20200106','재고담당자','2020-02-02 00:00:00'),('11029-0107','11029',79,'20200107','재고담당자','2020-02-03 00:00:00'),('11030-0108','11030',80,'20200108','재고담당자','2020-02-04 00:00:00'),('11031-0109','11031',81,'20200109','재고담당자','2020-02-05 00:00:00'),('11032-0110','11032',82,'20200110','재고담당자','2020-02-06 00:00:00'),('11033-0111','11033',83,'20200111','재고담당자','2020-02-07 00:00:00'),('11034-0112','11034',84,'20200112','재고담당자','2020-02-08 00:00:00'),('11035-0113','11035',85,'20200113','재고담당자','2020-02-09 00:00:00'),('11036-0114','11036',86,'20200114','재고담당자','2020-02-10 00:00:00'),('11037-0115','11037',87,'20200115','재고담당자','2020-02-11 00:00:00'),('11038-0116','11038',88,'20200116','재고담당자','2020-02-12 00:00:00'),('11039-0117','11039',89,'20200117','재고담당자','2020-02-13 00:00:00'),('11040-0118','11040',90,'20200118','재고담당자','2020-02-14 00:00:00'),('11041-0119','11041',91,'20200119','재고담당자','2020-02-15 00:00:00'),('11042-0120','11042',92,'20200120','재고담당자','2020-02-16 00:00:00'),('11043-0121','11043',93,'20200121','재고담당자','2020-02-17 00:00:00'),('11044-0122','11044',94,'20200122','재고담당자','2020-02-18 00:00:00'),('11045-0123','11045',95,'20200123','재고담당자','2020-02-19 00:00:00'),('11046-0124','11046',96,'20200124','재고담당자','2020-02-20 00:00:00'),('11047-0125','11047',97,'20200125','재고담당자','2020-02-21 00:00:00');
/*!40000 ALTER TABLE `stock_tbl` ENABLE KEYS */;
UNLOCK TABLES;

--
-- Table structure for table `todo_tbl`
--

DROP TABLE IF EXISTS `todo_tbl`;
/*!40101 SET @saved_cs_client     = @@character_set_client */;
/*!50503 SET character_set_client = utf8mb4 */;
CREATE TABLE `todo_tbl` (
  `todonum` int NOT NULL AUTO_INCREMENT,
  `todo` varchar(100) DEFAULT NULL,
  `empid` int NOT NULL,
  `todoyn` char(2) DEFAULT 'N',
  `regdate` datetime DEFAULT NULL,
  PRIMARY KEY (`todonum`),
  KEY `empid` (`empid`),
  CONSTRAINT `todo_tbl_ibfk_1` FOREIGN KEY (`empid`) REFERENCES `emp_tbl` (`empid`)
) ENGINE=InnoDB AUTO_INCREMENT=3 DEFAULT CHARSET=utf8mb4 COLLATE=utf8mb4_0900_ai_ci;
/*!40101 SET character_set_client = @saved_cs_client */;

--
-- Dumping data for table `todo_tbl`
--

LOCK TABLES `todo_tbl` WRITE;
/*!40000 ALTER TABLE `todo_tbl` DISABLE KEYS */;
INSERT INTO `todo_tbl` VALUES (1,'2020.09.02 미팅',2010,'Y','2020-09-01 00:00:00'),(2,'2020.10.26 세미나',2045,'N','2020-09-09 00:00:00');
/*!40000 ALTER TABLE `todo_tbl` ENABLE KEYS */;
UNLOCK TABLES;
/*!40103 SET TIME_ZONE=@OLD_TIME_ZONE */;

/*!40101 SET SQL_MODE=@OLD_SQL_MODE */;
/*!40014 SET FOREIGN_KEY_CHECKS=@OLD_FOREIGN_KEY_CHECKS */;
/*!40014 SET UNIQUE_CHECKS=@OLD_UNIQUE_CHECKS */;
/*!40101 SET CHARACTER_SET_CLIENT=@OLD_CHARACTER_SET_CLIENT */;
/*!40101 SET CHARACTER_SET_RESULTS=@OLD_CHARACTER_SET_RESULTS */;
/*!40101 SET COLLATION_CONNECTION=@OLD_COLLATION_CONNECTION */;
/*!40111 SET SQL_NOTES=@OLD_SQL_NOTES */;

-- Dump completed on 2020-09-09 16:39:16
